"湘南OWS2.5km大会(男子)","湘南OWS2.5km大会(女子)","　","　"
"年代階級","完泳記録(HH:MM:SS)","男子","女子"
"02_高校生","02:00:00～02:14:59","0","0"
"02_高校生","02:15:00～02:29:59","2","0"
"02_高校生","02:30:00～02:44:59","3","4"
"02_高校生","02:45:00～02:59:59","0","3"
"02_高校生","03:00:00～03:14:59","0","0"
"02_高校生","03:15:00～03:29:59","1","0"
"02_高校生","03:30:00～03:44:59","0","0"
"02_高校生","03:45:00～**:**:**","0","0"
"03_～29歳","02:00:00～02:14:59","4","0"
"03_～29歳","02:15:00～02:29:59","8","2"
"03_～29歳","02:30:00～02:44:59","4","3"
"03_～29歳","02:45:00～02:59:59","13","3"
"03_～29歳","03:00:00～03:14:59","2","1"
"03_～29歳","03:15:00～03:29:59","5","1"
"03_～29歳","03:30:00～03:44:59","0","0"
"03_～29歳","03:45:00～**:**:**","0","0"
"04_30歳代","02:00:00～02:14:59","0","0"
"04_30歳代","02:15:00～02:29:59","4","1"
"04_30歳代","02:30:00～02:44:59","6","2"
"04_30歳代","02:45:00～02:59:59","12","3"
"04_30歳代","03:00:00～03:14:59","12","8"
"04_30歳代","03:15:00～03:29:59","11","0"
"04_30歳代","03:30:00～03:44:59","2","0"
"04_30歳代","03:45:00～**:**:**","0","0"
"05_40歳代","02:00:00～02:14:59","0","0"
"05_40歳代","02:15:00～02:29:59","2","0"
"05_40歳代","02:30:00～02:44:59","7","0"
"05_40歳代","02:45:00～02:59:59","24","5"
"05_40歳代","03:00:00～03:14:59","36","5"
"05_40歳代","03:15:00～03:29:59","39","9"
"05_40歳代","03:30:00～03:44:59","11","2"
"05_40歳代","03:45:00～**:**:**","1","0"
"06_50歳代","02:00:00～02:14:59","0","0"
"06_50歳代","02:15:00～02:29:59","1","0"
"06_50歳代","02:30:00～02:44:59","0","0"
"06_50歳代","02:45:00～02:59:59","10","0"
"06_50歳代","03:00:00～03:14:59","16","2"
"06_50歳代","03:15:00～03:29:59","27","3"
"06_50歳代","03:30:00～03:44:59","9","2"
"06_50歳代","03:45:00～**:**:**","2","0"
"07_60歳代","02:00:00～02:14:59","0","0"
"07_60歳代","02:15:00～02:29:59","0","0"
"07_60歳代","02:30:00～02:44:59","0","0"
"07_60歳代","02:45:00～02:59:59","1","0"
"07_60歳代","03:00:00～03:14:59","2","0"
"07_60歳代","03:15:00～03:29:59","1","0"
"07_60歳代","03:30:00～03:44:59","2","0"
"07_60歳代","03:45:00～**:**:**","0","0"
"08_70歳代","02:00:00～02:14:59","0","0"
"08_70歳代","02:15:00～02:29:59","0","0"
"08_70歳代","02:30:00～02:44:59","0","0"
"08_70歳代","02:45:00～02:59:59","1","0"
"08_70歳代","03:00:00～03:14:59","0","0"
"08_70歳代","03:15:00～03:29:59","1","1"
"08_70歳代","03:30:00～03:44:59","1","0"
"08_70歳代","03:45:00～**:**:**","0","0"
"09_障害者","02:00:00～02:14:59","0","0"
"09_障害者","02:15:00～02:29:59","0","0"
"09_障害者","02:30:00～02:44:59","0","0"
"09_障害者","02:45:00～02:59:59","0","0"
"09_障害者","03:00:00～03:14:59","0","0"
"09_障害者","03:15:00～03:29:59","1","0"
"09_障害者","03:30:00～03:44:59","0","0"
"09_障害者","03:45:00～**:**:**","0","0"
